real,prediccion
97545,133331.2
163211,147725.67
266941,272188.29
295947,358840.22
87541,123803.47
277776,284833.95
50000,54119.37
444841,531380.86
303377,223907.28
50000,71449.81
529732,496343.02
131760,123794.54
106079,116948.09
74107,55080.43
77910,127832.62
245886,327529.32
385899,338000.4
587150,767015.81
164782,107197.73
159295,157728.6
325008,256933.55
263819,322870.44
299984,306168.21
83404,147164.48
189545,210925.79
318622,280810.57
267303,363044.45
50000,60356.39
253253,152185.3
50000,77953.2
375879,371800.93
437569,471507.35
138746,114442.79
305519,328665.17
106300,126281.69
157602,137239.02
192294,165146.12
276197,341019.83
50000,73156.99
686030,629895.01
129672,101190.91
297824,328109.6
268710,245145.14
92478,130487.87
82670,61457.21
179491,163530.39
553948,530952.31
183585,258691.59
153685,215208.72
199709,187278.81
132159,134612.86
208534,227003.71
434690,422933.18
122438,91073.5
278531,261135.83
50000,59672.35
413213,365225.13
561731,561308.1
165579,143337.85
279693,262713.58
131307,127153.9
732693,678658.94
370439,377089.09
386866,352762.89
79592,86197.1
232631,260653.57
282143,271854.48
416519,385614.52
57569,59123.18
100109,101146.71
497373,533242.45
407535,655468.28
127101,141752.54
375787,314854.35
501300,414230.42
177618,229657.81
443801,584137.63
50000,60153.66
126074,85321.3
378047,314896.52
633482,591476.61
351821,419758.03
664353,570828.79
141610,69589.37
177828,164462.68
464907,448701.01
153905,147636.66
69455,107598.28
118969,103103.85
131612,102949.98
106675,131405.39
75507,87793.44
372207,292011.45
135178,131238.99
50000,79926.55
94456,53581.06
220425,351403.58
380724,369104.92
228550,211703.43
80613,86818.95
51302,66295.21
182611,192031.58
505822,385461.41
158403,152411.73
138450,132573.12
250236,199547.82
188981,211445.83
50000,57489.79
551327,544580.71
319823,309777.16
570645,590597.77
521107,475517.44
175554,118364.49
194814,150446.89
142448,136331.92
280737,203232.95
376798,320357.5
273938,269521.98
99571,125464.77
50000,82542.87
422224,480259.55
80263,151662.24
136677,136932.2
127965,119112.35
363258,458353.33
65114,107912.14
50000,126974.61
218227,190264.92
299393,229509.76
116217,126334.54
701588,556894.31
108469,83606.1
115975,97713.25
50000,59453.66
261434,271617.36
572431,558240.11
433837,571163.51
140703,135785.14
264052,245167.91
421873,439861.77
148254,136403.22
161373,162813.21
70414,88553.65
262114,196069.21
50000,86142.09
207849,278961.49
50000,53936.08
59355,61941.38
50325,129336.27
74927,67840.79
113922,90944.65
328497,445235.3
191551,135260.07
50000,67041.83
103272,126014.93
167175,152118.07
50000,67911.9
104418,173222.35
105337,97742.01
170127,190350.7
344143,410322.33
70604,67675.73
158001,140810.67
164480,190189.79
94394,67738.58
50000,65372.18
144870,129124.14
163006,286553.32
121094,196752.89
126226,134759.7
120065,91770.27
81364,78570.53
225369,247782.29
225244,203071.11
72350,95339.97
67384,61330.46
229351,270288.09
270320,313401.95
327094,209253.97
284965,279173.36
439827,404812.68
260684,236286.13
118306,139445.67
191971,278113.21
512086,526101.84
319421,317750.18
313061,279228.06
98483,158850.02
164094,134351.86
313486,298077.77
182158,148409.15
522560,454760.8
71146,73053.35
115056,103778.22
157314,154384.39
98781,135518.99
147765,132760.3
63287,69702.99
87739,68226.04
135366,146772.81
164891,202301.13
111628,133677.55
148315,130612.88
343806,297829.32
317621,295248.78
501911,439037.29
438424,465250.89
167682,132358.3
140739,152422.99
154079,160627.19
91749,88483.28
96872,137039.03
50000,68643.91
126805,92808.66
51575,63428.76
50000,97606.87
223704,162622.51
83174,76376.67
118601,110135.55
372436,331273.22
129434,112717.22
115109,118474.66
196491,167750.43
69483,76259.86
53951,70645.75
64248,93784.03
149697,123181.35
144048,115439.09
50000,74255.91
356206,424732.91
187130,167103.28
82321,86474.62
274600,267970.24
392310,375493.16
152990,128480.87
73764,60383.0
305445,306021.6
128925,109291.05
50000,105287.63
105160,69296.84
73687,79246.45
120672,76717.27
322844,313112.05
118605,120558.3
107323,82919.26
131566,125651.19
50000,57718.22
139891,142884.37
50000,78940.47
148403,135924.82
119921,105795.46
205204,154199.0
127187,214764.49
287506,323004.88
61805,95720.32
154946,116693.97
51749,128467.27
97968,123606.64
282282,256749.39
347544,343150.64
50000,65707.18
50000,79663.0
355287,446008.21
109211,96515.11
50000,63884.51
534180,629114.32
118387,177718.21
163433,120841.33
151846,160909.76
62074,86587.5
274703,360976.11
144720,130945.76
175431,121615.71
208691,210129.82
52403,79629.67
292622,362027.01
510521,493751.04
98285,85414.88
460049,499334.47
449626,362908.76
517190,432580.59
363641,342001.85
233725,217879.81
345561,349049.24
124902,204957.45
234708,218802.37
50000,53055.42
83628,131777.66
636646,548885.45
60101,89161.5
180887,110572.6
50000,72261.21
516214,460313.31
445666,479584.14
50000,63553.61
286519,287636.5
148447,139512.34
181496,155817.07
120164,79903.57
173653,158407.91
95836,83063.95
88827,94315.88
139888,103163.99
292163,244408.72
50000,57416.83
93361,109454.11
249518,213407.48
327367,238698.25
124783,137249.83
225471,224283.2
343919,334398.8
475559,435817.0
376952,352556.17
117765,107212.19
217475,158137.93
178794,182244.25
57203,98980.02
580283,569522.0
119154,81234.26
429268,372786.47
149392,110391.34
144675,121627.69
93942,105659.4
50000,87329.55
56041,114127.86
585492,648412.21
50000,61628.08
97139,60817.52
289181,190270.57
129971,122964.2
65072,139492.68
155772,156859.37
308966,402217.54
65524,82747.89
61113,61619.43
52356,75524.99
113801,108110.11
210665,163009.23
120188,87204.66
387991,340705.79
96131,154155.94
102493,76857.12
50000,75166.36
287652,273978.29
70948,89263.62
111887,71730.49
206375,259011.66
539640,487935.07
136983,113277.08
117086,162875.84
453002,404534.33
50000,70126.13
112796,96522.62
92585,73889.85
193716,79187.11
434661,415172.12
286051,369509.3
494852,448354.68
158648,122837.68
291507,392662.98
201577,332416.22
80738,116592.75
128355,134365.63
192243,128758.64
437457,454591.1
353550,325125.65
143842,172615.62
95734,123132.46
186771,195203.33
605739,596511.84
50000,53974.19
478731,388101.65
50000,68532.08
437823,525716.08
141204,122978.01
103632,135950.91
222603,241550.08
188108,100916.88
72756,105780.72
145225,149760.55
111463,155943.47
289279,272944.68
50000,71654.25
102553,80080.7
62201,132060.94
88578,66111.48
138590,155217.46
107185,120129.09
127747,107834.6
136232,102786.45
109394,160453.45
70191,133774.08
294984,213965.2
261582,167651.62
50000,65332.93
427167,409056.36
340292,360904.27
426603,419988.95
557446,441329.95
330562,332147.19
331055,305287.01
50000,57432.81
309369,331855.3
283362,317948.5
217683,126741.8
354540,314909.89
50000,66510.75
126025,124923.56
112766,81485.9
188254,158373.05
261695,277087.17
318347,340986.97
145589,117892.63
102126,117442.06
336878,414442.37
58899,78573.87
50000,60543.25
189512,113377.28
369526,295400.35
50000,62625.88
94624,118487.33
114352,127875.24
490287,383971.64
72916,79486.31
154110,179163.18
616587,554968.9
505771,496253.96
77822,131478.59
126851,142009.11
81718,106468.63
56041,102137.15
168122,212521.03
100092,115622.75
135162,118493.35
244763,352010.69
342913,363987.26
97812,78641.73
377983,332027.88
293839,350952.93
487393,663510.33
50000,52454.62
349282,339229.49
117170,63855.21
330294,418499.71
225906,216121.65
106869,93484.07
56382,94754.9
364355,388424.77
111441,141866.97
350312,335349.6
288276,296900.08
118631,126396.73
128220,139666.89
498903,482500.43
208401,249190.25
555323,517629.71
401009,412301.31
98464,100419.53
437657,365228.38
321779,279492.69
252672,296510.17
50000,63469.56
125811,189738.16
120642,104164.96
119988,89418.09
205935,311147.55
611722,597349.55
135822,106529.04
265060,249166.45
427508,309114.16
101552,90722.54
225701,119695.05
108590,146435.77
198079,226800.75
276577,235896.96
50000,73858.88
669376,534131.23
500000,414621.75
71029,85178.72
140858,133071.28
528739,481651.44
50000,66702.41
247094,242906.55
127932,63091.37
316269,331559.46
99444,83253.7
173560,135935.66
50000,77781.57
401757,505888.2
151588,202114.9
50000,88299.09
50000,60196.82
340272,352268.33
145848,137610.8
342279,280549.71
194335,200777.0
259123,266641.35
50000,78582.57
99252,75845.42
225667,233443.46
68362,114970.26
133003,88064.51
91685,108116.6
266944,264078.3
469195,398375.06
317638,384763.18
81341,109519.27
404586,408796.95
184419,253319.31
303076,290731.6
111677,132645.06
507399,506768.53
300728,287278.31
66406,82647.63
50000,52790.01
56725,72529.33
158812,201250.4
65572,74229.17
221288,237056.29
115310,138447.56
128233,116316.28
151535,132119.19
273208,362066.51
462556,413824.97
155452,134005.51
50000,53715.06
299907,251499.8
236076,249950.61
118494,135643.26
146429,180832.44
398150,294111.18
224381,251715.89
99015,91503.66
573460,426870.79
50000,95040.93
50000,71086.84
341664,334399.56
627825,455877.07
50000,62210.03
354913,383968.98
50000,69563.91
136408,118499.36
305894,394293.08
125380,133190.27
235484,345824.25
239757,262384.69
53332,70202.51
578116,677140.14
50000,64997.02
50000,58728.65
58928,70649.83
112124,106276.84
229108,236335.27
192858,246122.25
122571,117212.78
174568,218029.91
68866,74463.8
55276,97068.71
139017,60470.92
53187,60880.55
146337,132435.39
514863,633168.18
161813,186146.96
63407,68878.32
96066,125613.24
148920,94333.69
58077,61980.76
129887,120357.78
436215,362033.3
56683,72289.4
131772,130714.15
57320,56959.52
394618,385208.68
398036,379409.34
363606,418271.76
93817,74763.95
410421,383104.19
117178,95272.29
466571,490582.48
271082,214262.88
165450,180468.21
341821,334679.02
50000,86725.43
126651,116720.13
534334,497205.79
211672,126086.06
64773,71396.96
136704,136029.75
69792,71481.73
82995,85911.33
325639,329953.58
460622,412323.74
107609,118300.5
108422,97026.21
83616,89455.8
181472,314250.0
89458,116463.05
176501,231410.34
279081,273943.71
499158,530122.03
425017,362716.23
636166,603417.27
140956,226238.88
143028,140969.53
73926,78209.28
101615,144869.47
50000,54076.49
328488,341509.45
53198,109813.73
247941,185395.62
102392,133262.98
297630,313416.91
224988,242325.13
213365,230203.89
203154,301099.65
192861,90189.94
118582,117520.96
485255,492087.81
120546,101793.15
129137,135033.69
68045,137848.0
147434,105925.53
94000,56358.53
92923,83869.83
176010,111489.46
50000,69980.11
394734,386880.39
809387,684283.02
164870,148061.79
76765,82622.85
291218,395974.3
311439,291676.44
437684,495085.95
218528,233591.9
399322,372727.9
122960,79164.51
288121,413285.51
229276,215107.4
550202,526414.76
90305,93956.39
91113,103887.37
220413,230239.13
361908,332794.38
187794,208989.81
262201,269971.87
382322,388448.85
571931,508145.12
114952,133220.33
500505,380252.91
97171,104241.11
236459,241872.58
685044,547783.08
67400,99621.6
251373,313643.04
551966,581803.96
61860,96109.28
135789,59358.11
94195,128702.06
98169,86215.33
355538,309374.83
359342,307180.82
663286,564752.34
83727,72322.02
125939,128490.13
138215,125155.16
424393,365376.21
358189,337435.61
475966,391782.7
58712,56964.69
167839,136817.32
96718,74969.17
567876,459035.53
136344,89090.35
127247,122724.28
197040,239405.63
302269,291653.32
50000,108095.34
455963,448151.9
420225,399736.95
173828,175684.96
223437,227095.26
461354,438464.1
326889,394610.21
50000,85291.96
100309,85961.43
619012,586602.19
111630,100298.47
139166,129653.76
64644,88317.33
306777,271282.74
114180,60610.17
180747,106497.0
161347,118067.86
54782,69393.89
528679,406987.71
297336,281189.89
126266,98987.69
346473,311352.76
332187,378790.85
103438,83305.69
356570,259408.41
99138,91269.71
56663,71929.73
158170,110632.34
246754,139691.85
383354,554778.78
112255,155662.08
90766,100751.19
63325,76256.7
202251,186250.25
92498,109899.57
640275,531814.6
98553,85951.57
142367,129002.35
158840,128089.52
214603,150797.29
264432,240570.52
403815,316620.86
129378,77663.88
116057,67947.65
334380,241949.2
565479,501688.07
151164,121473.8
50000,77297.54
164679,131687.33
64560,75135.53
147789,208752.42
454180,590136.05
111048,102167.28
131460,102381.69
113085,79339.09
359695,312733.76
85699,74140.61
124239,116500.52
153282,145414.8
153027,137084.84
90705,96070.33
233908,282851.03
81053,87510.38
352762,424843.3
77442,81402.83
220107,205010.44
92709,61135.32
152130,202326.42
170825,116177.22
137087,178011.54
224234,238329.58
80345,86850.09
96305,125034.73
175853,134489.15
128459,99141.47
350923,438320.02
684302,633102.98
50000,109814.33
98152,103574.19
141674,100700.13
625175,571647.14
164356,183885.5
50000,117297.84
72803,94761.48
50000,63525.51
60571,67770.02
102113,113501.42
212154,277976.62
145367,122417.25
326693,268032.94
358505,390807.1
50000,68219.27
50000,112870.73
428776,514913.01
150302,141651.58
592515,493386.12
111679,118186.76
146763,120168.5
614864,551686.24
83436,132300.54
71286,96104.05
50000,73437.29
166854,100310.32
335305,300997.99
271896,213271.81
83531,90964.65
366590,395413.46
123889,144785.86
132164,145107.23
713565,594976.51
166610,75592.24
50000,58814.66
503004,596874.54
111669,110877.67
167536,144059.89
268533,321632.68
183505,218685.55
97489,120887.52
241194,290034.12
176153,160745.32
121535,134373.31
68566,67079.71
305508,323032.63
61455,107563.71
116000,129026.34
82556,110097.03
299720,352716.71
302358,410059.39
253372,329886.51
99045,112991.46
58776,68619.09
126544,116319.32
50000,70975.98
497034,386746.52
155127,162102.22
569937,519534.39
150739,163474.58
309655,349207.13
689803,543122.34
151720,137776.08
58272,71928.99
264430,310127.4
154371,142912.57
372208,506181.82
282831,352811.28
478454,446794.91
84420,118809.6
116775,97949.69
121982,77951.27
89827,94791.29
66487,90218.43
110001,121550.9
176422,166793.73
50000,62148.68
156477,127565.95
275616,256518.43
103026,61532.16
164528,153123.93
344129,341934.69
137023,142533.31
435989,347693.39
68296,77117.72
57256,66630.99
54764,79396.13
73316,64675.04
475352,399677.98
196857,129471.17
197077,228256.9
136779,97476.62
61053,86531.62
147527,190930.84
50000,132009.24
50000,63178.9
247934,278438.04
105429,95499.44
80546,72819.19
154616,122867.41
96320,60698.44
143633,91865.16
139480,85416.44
74187,73495.76
124952,111392.17
54605,64630.89
379370,381210.62
234310,239040.07
252042,218186.21
115627,120907.73
86898,126850.06
460622,425070.9
104128,80022.81
114572,129696.64
172860,173085.83
232400,233200.34
152073,201374.48
50000,70174.49
93078,121286.72
70350,88379.3
137954,155569.3
50000,67161.87
191595,168839.47
102491,113352.32
274372,255593.28
451411,379875.66
207316,139453.65
151718,151751.41
110465,119865.15
84313,119518.9
507022,479687.04
331802,312238.71
164456,155170.26
237215,346208.98
516996,465136.8
131680,112725.54
88257,124195.23
81675,113396.32
50000,160197.87
425703,408987.47
50000,62048.17
126111,146825.42
50000,100886.14
154187,149203.52
153192,130742.95
121871,142044.65
133007,132273.23
131478,60781.24
114870,74037.26
87285,104603.89
175714,121498.48
50000,79072.66
469862,414229.38
72305,75100.3
345084,332560.05
360448,368242.44
88335,154444.55
130393,94521.78
186403,148840.2
403793,372042.6
687642,530978.06
353832,382558.86
116433,137026.13
464358,357790.56
385549,398658.1
204740,188608.99
118765,128099.9
101620,148115.25
70770,78169.45
88175,114595.79
58142,103581.73
156245,142361.07
87659,101236.5
74810,68391.34
217301,217794.62
132927,144488.99
83960,60789.2
152322,156697.97
518487,471747.71
257777,197579.5
288215,239635.28
62099,120017.97
477523,418557.84
361182,352977.8
122479,109536.55
64242,65965.34
301296,384764.42
201005,161043.0
60030,62939.02
178662,93705.21
144240,113275.75
452329,410466.57
103565,116040.82
50000,69153.13
50000,63366.04
558525,656914.67
142104,119989.7
179519,162922.52
311107,296871.58
564253,465580.01
86541,141002.46
417101,442911.34
50000,81896.87
50000,83538.61
88492,64924.42
457990,445552.97
115014,72786.0
149366,145550.17
152646,166060.49
111505,148034.9
152426,167647.3
365628,392022.34
92235,73412.46
258992,247105.08
101431,135361.26
68681,86014.53
446196,460921.19
158368,123698.83
114763,114256.48
121725,145434.54
62338,147141.85
364248,356232.13
710609,554223.31
50473,76610.94
168963,178754.55
380881,312008.09
400225,501317.8
129227,76586.99
274511,271181.75
345730,357708.08
400510,432643.26
65729,60017.91
204163,208988.25
532511,491420.57
307240,236577.54
79929,93065.69
127945,135526.13
50000,58872.88
316751,351956.15
72370,69969.78
301598,298063.86
274891,297944.71
218792,228059.22
112464,110714.17
409369,389322.49
382511,396677.03
292957,285469.45
320520,377889.57
160909,141589.8
87110,139082.31
489606,541925.34
400386,466178.59
50000,58480.06
346839,422242.42
614690,646669.83
50372,110633.25
158020,176603.94
95629,117172.23
535461,458753.51
264670,252940.48
149419,155625.38
276428,282981.4
50000,64715.96
110712,118019.3
195897,156301.36
164028,214856.62
93688,146415.77
50000,59491.9
112766,83679.74
115856,68955.54
418383,440235.4
483061,479770.68
109658,149319.85
315118,255772.61
127303,119295.75
512920,524174.89
73194,85864.77
60957,75642.55
501992,530735.49
180613,242752.47
347713,319749.85
152116,116966.37
68691,92884.04
150432,78554.56
205675,147292.19
141452,208543.05
367735,476269.97
454714,600518.63
265280,196219.05
433162,435557.18
84460,95817.8
81569,94983.58
50000,54240.46
237768,283325.19
50000,69937.69
57284,91436.29
64322,116103.69
243324,276207.14
80492,111369.33
114886,111752.14
518345,459448.3
321789,257620.79
76407,130089.37
164355,93522.46
50000,73737.71
403065,299418.67
50000,86947.22
86094,200263.8
57477,62176.24
67825,67816.03
238040,211834.59
380419,369253.51
50000,56846.62
267646,301284.77
66021,62129.3
50000,54311.1
50248,102913.47
104108,151337.24
148828,163065.35
203415,147340.97
285244,275710.35
163788,144279.98
339523,207005.83
335933,347582.38
91662,65846.95
547117,555734.97
139702,182961.15
60315,69762.69
91149,67588.68
588423,517088.52
50000,55511.56
50000,94095.46
50000,65738.86
169436,217014.57
653408,610009.65
137143,154999.62
142097,123473.74
251312,349501.75
185637,189922.29
50000,98858.24
318486,289906.24
388443,426952.09
50000,72251.9
82956,109514.08
120798,116952.85
313662,369197.52
50000,78779.66
402369,538059.18
255764,270964.9
343232,326597.29
136171,141456.24
117830,116555.25
235711,223753.16
423928,515663.44
133107,74761.5
363848,312368.52
157678,114889.39
453102,439692.82
123008,132363.25
229229,328652.55
357821,322335.13
166147,125769.75
363264,464567.14
509850,599675.73
83988,80659.7
50000,88391.15
650903,588758.9
527657,463391.95
225813,212798.33
306577,328689.79
365230,374535.31
55681,67255.38
301944,343006.01
254731,294458.4
597817,605148.71
59748,85956.16
87240,66273.61
55280,76837.95
593442,523535.25
170296,144926.12
147412,117028.1
331679,355106.02
137160,133070.4
369384,373027.94
709205,653489.1
123374,90388.95
273017,303570.91
89683,91859.46
639539,688797.65
144933,133457.2
62464,81164.83
61911,71396.76
70680,110509.87
700635,546204.7
290538,305274.21
183799,179387.56
322969,281878.42
152126,78652.01
336344,347962.12
155643,154798.39
80159,89135.19
662701,625530.77
132030,158244.82
380882,397280.03
96358,104199.41
99248,120353.22
245919,183608.14
165044,225226.09
74033,68608.51
88260,95372.08
57011,62616.88
166041,119616.32
458460,452971.02
52729,62999.84
344113,339560.45
160294,175438.03
279047,267302.86
94992,108225.65
162367,260652.87
124025,89348.46
50000,63459.47
50000,56263.38
106490,146482.2
402160,583180.88
70705,113016.77
245008,249375.44
268807,268264.78
149929,127473.25
239931,256024.26
726782,630507.43
269665,369132.92
120949,161538.05
196072,159514.52
229218,352025.2
367030,361085.77
59276,72143.03
127394,107946.03
635284,580087.32
50000,62463.25
381185,334950.93
98675,138535.93
143963,173298.46
156970,155585.17
166543,257754.91
108686,119498.81
635809,705803.12
470118,378516.28
77564,89251.08
148997,76203.67
105675,133523.12
157781,113917.02
541663,465726.14
778860,656692.76
122161,139554.14
257146,307418.25
126920,119831.73
227442,212074.6
58313,98973.16
135870,140012.6
150075,80121.88
460602,627841.0
271180,337525.26
147244,130111.82
146233,105313.74
120097,131514.42
60782,227956.19
133691,152376.29
50000,68229.09
387470,396800.64
219581,251929.27
50000,80060.77
455940,481575.69
163892,99265.05
314466,316781.64
161547,117301.1
507841,447486.69
462860,396417.46
544815,541542.92
50000,72497.71
126257,103371.25
317090,308722.92
64834,72246.31
67028,110318.15
100944,102556.9
116778,146493.8
50000,86324.43
102548,111461.67
50000,70463.54
50000,77054.52
420269,425285.58
82904,68211.54
445171,548377.08
172729,237942.45
363619,334965.81
374959,475901.98
299602,280159.74
229648,248265.55
61180,95229.96
613310,560885.92
60317,72554.47
239182,264914.28
126928,141732.9
118941,167139.96
50000,70110.47
123775,104561.11
306727,336577.75
122011,145706.19
198675,174800.85
50000,59730.43
128932,113902.76
256217,285333.13
57234,64586.03
50000,78234.24
391352,388459.19
75076,68842.81
82338,62661.68
631465,502433.23
528079,497466.46
121941,126221.14
396115,368767.69
50000,74426.79
491785,427100.55
92091,69505.23
275123,297888.99
416541,410263.19
320281,277376.47
158322,133489.7
50000,75098.95
98523,114372.92
109469,159438.25
139821,143086.48
77170,102815.57
168146,184500.33
53133,67640.8
101198,94316.99
130869,141270.26
285684,296549.0
173189,118891.05
135592,114935.96
52506,65965.12
358571,370848.28
50000,63635.75
137673,140281.51
755458,694037.85
138571,161437.12
50000,89450.53
495221,535220.41
123385,101414.49
50288,64934.18
165697,110877.71
386710,556619.7
208420,137633.54
227983,351880.25
271310,327446.5
549499,476338.99
114716,69009.32
81099,137145.58
59332,62122.74
224054,182582.19
50000,57527.23
73727,69171.57
426657,452569.91
481090,551155.36
565806,523299.16
110025,107784.48
122236,86388.95
194686,178257.31
102306,126860.41
461734,440319.83
105383,80193.83
170023,193143.2
67740,86531.24
141206,112030.09
500376,486887.55
115085,179609.91
620150,474475.97
464430,524806.22
247228,225531.61
128072,93093.02
565819,625860.37
233064,190713.49
271303,228060.2
113891,153874.95
76786,90525.83
234767,328319.31
148905,144157.14
400772,356977.56
55658,81365.0
393208,377308.76
155951,177107.92
593481,557914.35
154832,129234.63
140357,152062.16
116004,130606.59
50000,65745.85
388326,401320.28
257472,241916.31
555080,552837.32
494401,408478.03
333952,292319.28
416746,482186.25
109156,107267.84
50000,74969.21
230823,234913.28
110302,105549.37
330274,357259.58
305021,371917.73
87747,71345.67
93430,145300.0
497368,381176.32
540879,560907.35
136463,116284.15
99596,128618.1
51938,67741.66
157673,128255.78
109203,121363.53
84462,104591.66
52581,94646.29
130366,97271.55
90126,93988.14
71917,96518.51
242578,214554.35
50000,87970.76
93342,63463.18
63026,91531.32
642986,591089.15
85080,158095.21
250395,248270.26
50000,75062.89
156652,156772.47
98055,84005.75
578648,566955.11
419628,395823.31
157169,153492.53
340303,298521.29
618205,534382.5
136088,89195.78
537669,513482.47
469001,413670.76
385779,321851.79
211984,120116.9
160874,152518.13
278018,341198.18
51532,66056.41
86645,79212.27
80434,80077.95
534874,496834.01
311022,434194.95
235970,296895.23
116532,97004.44
104130,104640.53
234056,153130.81
425505,384856.83
183027,115562.46
438523,392241.01
360396,403194.19
131180,67986.09
113131,72118.74
102404,84822.33
50000,70647.66
137489,111965.9
114737,100499.99
50000,64211.84
92907,132623.28
285193,279307.91
501839,496809.61
497804,393157.08
236571,196212.24
65946,86948.84
227441,199636.99
136204,145911.14
92702,144415.98
318752,462974.91
50000,129878.54
562180,482922.67
71783,102098.33
188758,127728.38
598806,629679.58
50000,64538.08
101632,83595.99
593311,557855.42
50000,81552.18
523922,436409.26
60044,68918.76
149927,117494.5
240515,297294.1
343247,311638.07
239492,222715.89
393372,526405.48
193061,135288.12
79353,71682.37
70954,69350.45
133708,262974.94
276496,322193.14
189462,126208.58
82227,104088.39
570515,629665.14
55474,83310.15
345851,331245.85
324407,333894.53
298799,268613.1
522810,410580.44
252265,251515.94
249627,338630.01
436038,427188.97
236950,269867.69
155433,126569.44
81623,76956.72
113950,128823.33
98849,115471.64
275726,230440.19
50000,60932.0
57685,73673.76
54826,56419.72
180422,180312.96
189724,225626.93
474429,454182.47
121997,142925.5
50000,59146.27
72311,97643.42
85398,96604.13
274911,329809.35
560687,470370.11
86025,121374.5
50000,54184.51
151934,130364.55
50000,96534.94
97955,99490.53
465302,355577.6
50000,55648.49
80418,91818.22
98908,117343.1
89648,102605.17
429705,375771.76
119698,194570.35
50000,83919.68
358945,334449.14
131232,121974.13
276169,255730.88
105989,138577.76
50000,75670.78
248956,252915.72
210978,135512.12
155774,142490.16
473129,520864.44
133357,149669.09
476872,502155.25
446498,422288.96
144521,203769.96
181727,240297.99
58217,88514.27
460041,509934.19
107219,101564.66
346612,337406.8
52353,70913.95
94464,103320.25
269673,256300.31
57333,153463.56
50000,68118.41
138111,122893.41
205149,276147.77
390120,331050.81
175403,144724.97
53343,91617.86
167625,144411.32
634648,577591.26
536395,504583.07
227306,181198.95
50000,70788.97
50000,58356.08
317287,368238.42
50000,67492.39
136195,91940.12
50000,72516.19
100696,137477.12
248303,284155.57
326224,263860.53
84079,125398.4
50000,98141.26
204939,275537.75
577571,552203.27
235923,251842.29
230179,229975.92
160431,136309.41
108924,88289.78
171869,333531.79
108365,105801.84
74904,75774.54
331296,292405.3
219413,277843.81
243899,280103.46
301762,345090.86
116931,72276.18
591520,681489.42
77937,115992.64
81487,70536.48
121168,84140.8
743106,589330.23
143249,157846.5
269950,329330.4
335491,285743.36
127605,130171.01
56904,69402.48
50000,57549.81
133057,177703.94
104819,98871.93
329633,315385.86
50000,98916.87
405993,471349.09
68683,86849.23
540376,543639.56
99194,77254.56
149309,130109.12
168062,131221.57
156425,270222.48
85232,102909.51
85113,101836.05
276266,274240.97
207932,178181.85
69497,55229.47
60911,83131.28
87217,76681.42
114843,104407.69
115109,101361.75
62476,95439.95
71058,62254.01
271016,252318.16
442900,457232.71
70601,67113.63
751364,683431.66
63572,87254.54
199823,193944.67
60549,72449.27
50000,60847.65
127079,76608.25
184594,166022.07
135823,110639.57
665786,554096.13
102230,119508.35
138292,182949.26
86676,123261.75
50000,66818.91
57974,70367.13
359353,307156.34
112868,98882.63
133486,100919.72
103366,104212.6
150448,101825.68
418582,562669.98
137958,84598.69
283756,228672.61
83969,106930.7
96182,113165.58
103843,87140.68
191207,222143.61
50000,64378.7
224085,285396.4
96294,99443.57
395602,370809.64
136602,129515.29
222469,119065.18
190971,150338.15
469538,592256.57
145081,124312.92
67994,76647.53
50947,65566.01
198647,128268.19
216558,137655.25
615770,586827.19
106838,245610.81
145273,128090.95
182768,134372.73
339796,349282.91
277512,408917.99
77926,86143.85
681694,618433.75
289028,517750.12
122977,144128.0
223897,312082.42
162380,124845.89
120019,72212.97
627365,565378.12
254268,238578.45
64385,61057.07
111304,106783.6
50000,65634.09
398150,346207.49
50000,60687.68
700929,679177.84
111939,123020.7
126257,114282.45
98157,113940.14
114631,129785.71
123300,98413.01
50000,65433.12
336811,361365.24
270500,281250.62
469681,430524.26
88575,115384.76
140806,171713.58
78492,86269.9
98495,79215.85
55487,91476.81
539457,485779.32
50000,69149.25
95768,63845.4
50000,60047.1
198608,278154.66
59069,99371.52
101293,93101.47
110381,63006.78
113356,119125.53
154607,101526.67
592137,487287.0
111669,113800.56
50000,78433.25
113169,134712.41
50000,77840.96
301106,297549.12
105693,86924.17
91783,92202.34
50000,66083.83
408910,307027.75
331009,260801.02
430572,345806.41
137737,101623.49
183404,128333.58
134387,113066.02
143153,112834.69
468925,399078.79
396647,356366.25
395599,402177.61
527476,533981.68
106967,103312.28
174197,135737.71
357873,275364.22
154497,181858.9
82922,103719.63
144539,163938.75
81707,70971.68
133936,98142.57
131522,93928.16
99987,110407.3
140328,147625.7
247610,331421.74
614784,566090.63
530299,599153.53
302742,354240.79
272334,309902.74
87050,66938.87
60408,58107.85
304771,470889.65
244630,225635.19
359725,322945.84
350078,329970.64
88787,126824.87
319304,326261.35
50000,72369.56
393441,301837.79
351799,365882.95
436560,423009.77
311526,354910.74
315472,340156.42
289461,265313.55
177799,233487.26
572819,659259.79
51995,151489.63
107909,130731.41
50507,73284.12
326157,277732.19
94680,131732.49
58404,67228.24
162828,135134.89
624780,628977.38
115533,134783.69
379512,414550.53
135538,83131.18
482786,370415.35
145084,101785.29
187740,145474.71
123027,124511.26
359672,386316.03
130928,87873.71
243688,289977.35
167134,150353.56
171486,155743.06
344794,344922.55
600772,533631.01
50000,62406.11
50000,128950.58
54496,64109.06
141036,98489.94
299490,330398.95
121950,141747.62
131891,96235.78
455462,431652.47
57658,128604.08
50000,65337.28
672122,574069.71
173927,136550.88
72174,125547.66
149923,167871.2
105549,132168.94
254703,278636.6
368222,361010.64
50000,56820.19
65508,114823.55
50000,59806.45
50000,99511.26
150081,129061.6
188585,154217.51
54079,64014.72
349543,344687.69
122261,103822.51
82596,114354.82
99479,105766.53
198161,310535.66
102622,146733.26
123845,162097.19
136727,136637.4
73378,80369.2
112042,116586.63
69647,64873.83
251269,166123.44
671957,617007.8
191107,88478.58
515246,466519.15
112888,113336.4
60013,83307.34
138418,143182.41
628335,599923.0
119901,94816.87
146590,153781.25
390151,383507.91
464953,419639.18
94740,87895.93
66869,105490.24
51268,88339.69
215615,219153.69
346450,351717.67
538844,487117.12
441112,448566.07
92280,95863.13
131030,227239.98
475819,564998.87
178449,209690.65
284580,188788.57
288469,281715.62
638867,597851.16
107284,93190.77
213703,273228.16
425387,367392.46
137506,168265.4
143845,111230.08
309459,258405.21
239503,224406.28
76219,63098.22
338184,453331.93
94585,87979.49
158668,133066.79
115038,94619.9
177659,212441.77
144663,201338.17
554234,492047.33
233191,156261.91
125688,113403.15
50000,70620.79
50214,87249.62
134934,87551.75
96422,133077.15
586969,525588.71
340973,333702.26
323773,332125.78
112918,128649.6
50000,79209.03
235773,276241.5
172634,191746.9
50000,64885.37
240940,281763.89
530284,517350.51
64566,72503.66
165499,103957.63
354991,348542.28
137001,162248.99
71064,93013.0
240900,466937.45
230538,217073.98
148129,147401.73
225568,263215.92
286245,330754.18
504859,500261.68
577496,487728.63
129574,167090.54
642911,575736.81
259299,291976.8
103412,127495.32
296851,301644.37
60007,64883.22
453870,389796.01
102151,125145.89
110769,95697.06
145723,143049.66
63672,70428.34
158221,157033.13
175910,169834.84
50000,63148.59
359002,380786.68
79463,93012.23
50000,56298.96
154563,132195.35
101919,103009.98
50000,75176.2
324862,372354.5
55780,94150.31
50000,82288.29
233233,187701.94
114881,111136.62
93478,74166.3
423251,405036.76
105252,117814.67
50000,67030.92
50000,52646.17
130969,149284.99
108136,140330.12
230682,255607.58
728486,609136.2
50000,99207.01
295178,291363.94
76083,90927.64
50000,74725.65
193675,140792.03
183125,141292.91
273949,295170.72
85161,115452.74
447372,421694.16
418072,397720.63
284868,358143.12
50000,73077.6
517022,489691.51
121691,152581.85
345356,326034.12
394126,350619.72
124569,141629.75
160655,167936.53
190280,124302.99
85726,118356.73
73912,81287.65
398604,359690.2
185390,155425.42
319652,205039.9
309911,280324.02
176082,196644.94
121981,90149.31
133108,220380.32
93465,129202.6
75690,80655.45
50000,76566.32
148324,157831.83
147091,172160.54
157315,117895.6
232844,223212.73
143542,147569.16
235839,243333.0
251443,298377.46
368587,407595.05
208672,155940.38
236333,167386.41
273257,239463.72
75706,53984.66
185972,152514.44
661901,678180.46
240607,304083.48
477988,476181.56
301509,256624.01
132797,147638.07
490360,440705.76
157461,109977.86
172377,136613.13
50000,78064.13
82854,93292.42
173951,139235.68
349252,281674.97
308751,378735.25
228950,334611.3
358898,388634.36
173194,128663.25
100992,93624.99
354761,405891.92
159396,155288.5
109957,164169.92
323384,305584.31
95742,87532.84
579123,585280.36
83580,88502.83
361993,351418.75
388578,357606.39
476832,421306.65
125529,100005.11
202580,224107.49
82010,122964.28
71005,129284.62
101580,62563.1
171675,204597.29
54078,149443.26
494472,328283.72
394678,376480.78
86290,64691.79
228374,240743.6
275669,214460.1
215104,207224.77
128320,115019.13
163851,146386.44
363326,360240.57
315089,309221.05
391311,397688.66
338353,394836.7
273146,315686.01
430410,351565.99
113302,137911.08
614593,448868.23
74993,143335.8
156227,125922.72
164749,217389.8
112528,112314.92
548692,497288.12
118902,120016.13
533265,518740.38
130680,149078.47
226574,266894.45
284762,364074.06
182935,158133.68
119591,105402.5
113530,136437.45
455161,498864.19
85000,131954.58
217634,247855.46
81428,87014.83
76442,70215.87
161053,93774.11
204061,288345.7
50000,73339.99
195761,146440.53
284219,262875.75
162504,127072.33
131216,95022.1
432557,384192.64
382443,294715.87
60033,100583.63
150539,132519.61
476703,449853.28
603017,554358.69
50000,58578.62
114463,114081.75
67025,118232.29
343363,343051.45
50000,84043.04
387409,313069.27
201861,188874.62
341625,337639.41
432590,483207.45
128766,125229.22
103114,123509.01
172886,132439.98
126210,90419.06
185819,230034.78
327483,338087.3
123536,83955.96
118745,88552.6
355994,297824.96
242760,305525.25
393212,331521.44
510519,587140.87
104254,81341.96
459687,314555.27
56493,133871.14
663765,566418.59
118627,117910.86
131559,110208.34
143415,146157.72
348426,291193.98
94882,108652.95
360315,331381.1
97311,100660.42
50000,74544.39
123872,81944.64
87252,112211.68
83836,299981.37
142940,127009.85
461549,422136.0
50000,65330.01
50000,91387.82
84162,99789.46
378217,375657.62
276508,212849.73
127813,75640.91
573949,539699.08
122597,114699.5
99609,70121.08
71357,62911.23
62171,102417.32
191627,187292.67
81468,69954.57
129846,122595.88
50000,53983.83
478811,526671.5
96523,107019.86
64022,58874.65
497779,411972.05
172288,127874.93
349994,410470.36
269422,260852.6
298632,320613.14
97156,74731.94
165339,133269.24
374083,323287.52
100544,62878.32
89309,90590.53
50000,78575.92
456026,343289.92
340045,278903.21
580952,443753.24
410297,324081.61
475029,619365.01
134771,89310.13
169816,142465.82
79926,81453.1
750582,589524.78
129459,141013.33
237581,309418.98
607333,489193.15
192567,153200.52
558991,535856.34
471810,442020.68
53075,82283.13
97839,98420.91
50000,73089.14
138809,143050.73
83595,89163.5
174069,149991.87
83675,100005.6
238391,213023.88
50000,56464.36
165505,189437.02
59478,51156.69
162815,151897.38
50000,77713.85
103048,124205.97
50000,91072.73
422774,382969.58
142547,85642.27
360212,298830.85
211221,198507.77
145780,165494.91
576311,697362.08
583420,510050.32
50000,80698.26
351154,326894.86
111045,92165.16
183586,284089.1
91634,116804.41
126644,123732.35
50718,125691.42
488834,468038.4
169008,137130.84
217999,237736.62
84851,138358.84
234944,253928.83
50000,68396.74
123780,133212.17
146053,199001.5
71315,70491.57
434119,515985.73
104135,99559.12
137830,178128.45
349444,376158.74
306845,505037.21
470951,615791.51
170043,207791.8
93543,80476.02
127056,143318.97
656209,643152.07
143025,109737.03
533215,457598.86
163246,139777.86
77719,115681.95
128064,136197.59
507089,543553.92
163828,155720.45
402394,416700.62
167008,99645.39
67244,89894.46
751131,593363.73
53777,99180.49
306873,300064.09
353813,478231.04
453098,485226.05
394846,504058.86
523354,435120.4
525851,549837.85
328130,357119.37
106406,112772.5
148989,142874.57
144834,141259.78
363804,352542.19
89610,82401.18
157436,133536.17
78092,86065.1
159604,122161.62
59730,71066.05
128324,143638.24
98514,81370.48
148532,150676.14
271454,328736.38
670324,532470.66
132319,127665.87
79853,69039.08
90697,92890.01
62547,67240.58
50000,75943.23
88459,86536.08
112085,116919.3
234541,242538.33
157657,130902.77
125606,132357.06
250804,227631.86
85313,81078.85
76670,117637.45
638358,543456.88
136676,142914.39
219527,222221.15
492660,506780.51
111301,92956.11
397164,395274.77
50000,58996.16
106319,148719.58
266020,420034.64
92538,102659.64
416275,463072.3
202576,132403.24
108203,144312.27
108848,143224.88
282348,264774.72
104198,64970.38
416862,306948.54
174189,156344.53
132819,123897.5
80181,99445.12
135336,166416.6
117011,90041.88
550748,533444.1
499830,432924.01
50000,64806.96
68963,66053.4
546024,474858.01
57222,78615.01
724196,622345.84
96943,114280.81
284594,312629.68
125781,124692.31
86920,84216.22
497656,616484.91
60889,94443.19
247012,214884.27
371841,452844.13
50000,67682.29
97123,121443.02
374270,326662.49
118389,73611.98
402757,410502.13
237876,269906.17
93271,135942.87
297738,263446.87
208942,109510.77
86886,86577.01
50000,69621.05
311337,207024.39
406029,301928.71
341106,279334.68
82023,57456.06
98035,118928.31
50000,70699.59
191450,164607.73
313182,323721.31
50000,81058.81
91202,92042.35
149774,154620.6
297575,247598.5
482160,438996.8
164933,169963.97
87627,84910.13
50000,57068.97
50000,57462.99
464071,433324.52
65222,85633.84
60255,62449.34
277311,204901.58
441269,246404.12
873305,666084.03
120613,85814.79
259732,222818.75
66510,100160.52
50000,108851.26
438812,437625.29
337165,272526.98
65808,125124.19
85935,169349.36
85914,123613.44
50000,61007.3
50000,72643.96
157679,77143.52
158619,209936.38
117860,145035.18
283855,208569.61
362007,350627.85
423808,365189.13
80628,66391.4
110066,136267.74
109990,89477.77
57797,120200.24
69974,91067.75
64387,119538.74
53196,52752.97
88720,87742.54
134869,202622.11
555256,447708.36
354388,381931.74
50000,56126.95
313761,301152.98
50000,90893.11
50000,54534.29
89172,99790.17
395744,356823.92
275561,268333.91
83102,60807.67
186147,228169.93
123344,190808.87
72504,67149.15
345261,314829.38
413307,507110.14
450272,501807.96
529016,582273.15
154959,171841.45
102508,126246.03
175122,122288.21
120974,105830.76
184784,123766.13
102494,118355.69
483713,472081.51
114128,127103.79
308205,342992.87
50000,70637.81
156011,265029.26
649720,640079.85
653172,615093.63
50000,57351.57
253535,222013.48
460647,288765.09
373256,393539.37
323457,354161.54
82767,67993.75
175092,205240.59
258556,288016.22
93349,83558.81
138300,115139.61
57310,60742.15
629993,691928.33
507388,385214.23
50000,69599.87
64835,69777.55
131479,90164.76
64426,65249.62
50000,74435.94
51007,62318.25
86648,59713.1
148356,141334.49
582165,428700.4
123796,141844.25
373361,396188.0
241595,222668.91
96334,122686.84
577603,501457.74
293461,361878.32
142379,182142.83
59677,92368.41
89512,70712.94
681735,675694.99
97100,133305.21
132187,147156.02
230847,240467.08
72967,111875.17
60575,87169.63
59994,67544.0
390727,315768.28
693558,587192.68
75741,97833.05
197038,245436.26
60404,58165.58
310627,316165.22
155664,149379.41
397443,435073.99
108665,134166.12
134470,96071.06
341815,347020.26
77975,88316.22
427180,355508.29
168353,154768.51
82358,61965.58
428325,416809.91
516416,481922.64
158221,125406.64
110398,116436.89
171618,149510.47
458171,422113.0
326363,302447.39
532483,467426.66
95926,89624.63
300424,282906.14
739050,751661.95
73403,118392.41
412282,357480.65
355892,334224.05
80916,83364.28
149141,138945.8
74639,99716.17
276068,396575.71
249236,214115.65
281141,391777.96
110990,81050.7
340540,402976.22
144916,106669.92
119148,90776.86
59408,79806.09
315556,392371.09
84225,84968.61
129186,156051.25
59071,65560.33
260797,360861.95
282292,298402.37
727386,610467.92
50000,62099.19
284819,336524.58
378024,411057.02
380515,517183.7
374942,300602.99
129045,110918.99
106130,90377.83
284110,264397.28
490508,471135.31
317257,314134.8
50000,102586.76
579900,534051.7
232380,224326.45
253176,257119.41
644168,628134.14
134024,138926.77
185022,182263.99
181549,136752.67
83191,108222.9
165018,189061.88
53604,81757.28
355417,266710.79
50000,99867.33
50000,73393.08
280868,342347.68
116400,154681.81
308787,239943.67
310853,320360.24
560488,463169.38
123720,100113.11
172945,164809.33
430915,508657.11
50000,52842.88
314307,319134.92
60819,63610.4
220079,210041.83
348889,329767.65
60694,56379.81
413366,415734.09
365961,455899.15
249513,215420.89
346680,267052.71
121321,182507.45
672603,555676.09
51734,110536.27
82477,64773.06
464223,391065.73
64967,75145.32
207001,177610.08
312702,249217.45
644105,623853.02
293438,322184.69
268122,237258.84
529214,463720.67
50000,63057.77
160907,153009.7
543086,491153.06
50000,57693.68
543251,486946.01
217895,173042.43
50000,62803.28
349575,299525.58
145276,151526.89
657513,646172.83
66378,129556.79
119208,130592.12
50000,92071.12
166100,143854.74
125069,160801.66
370514,274182.08
73811,109042.49
132371,131374.81
350540,353949.96
112380,103707.14
473130,471293.7
78450,79544.85
259633,183250.07
78982,80536.75
110506,123827.88
263988,312873.51
207300,316228.1
400370,345213.22
50000,77807.6
346766,329237.81
141744,96038.56
61829,107175.09
50000,63295.33
388353,328174.88
180962,286355.81
50000,58966.6
86545,60066.16
202072,283155.01
327817,356966.94
81821,82714.1
72274,86854.87
50000,60281.27
275843,311152.59
216456,246590.44
82008,85405.98
50000,101839.96
151921,109014.22
136446,129561.42
50000,56224.39
126966,89991.14
188625,151859.6
415438,398334.75
50000,54740.88
65574,105011.59
109732,111772.6
310538,233797.81
190760,186876.0
83543,61993.53
171497,194011.96
184864,172376.86
529930,468230.41
94645,58156.79
117087,101736.54
343779,389043.94
61107,74169.29
154860,126209.78
705061,580638.3
83527,90122.59
69159,118790.69
798641,716490.4
90825,64091.64
50000,55170.74
392206,348457.53
557161,488929.6
106288,140680.25
183130,155141.66
50000,75173.86
285853,257956.37
441549,423747.64
50000,72433.95
106809,106648.47
248610,259422.49
50000,65366.86
306255,264273.57
550029,585574.23
145425,226230.34
339077,482331.2
112408,134701.56
227205,219797.55
78003,102070.91
50000,73013.36
434234,365127.54
150086,166820.33
138781,128252.96
615334,544839.54
84084,102813.63
50000,64570.71
335667,319218.97
141530,99320.77
94077,135605.51
56430,55487.84
121630,103176.44
50000,69950.63
50000,67094.1
110760,131491.2
134266,146415.68
161527,110981.14
395787,300563.38
141003,123013.92
121224,153154.58
594882,535497.11
120123,89075.31
287498,316937.74
192663,177115.81
50000,60189.49
73872,113847.72
415761,392213.1
139028,139938.59
129682,128665.69
59573,129276.1
258624,348803.23
131427,123953.8
400875,346461.96
548264,600366.1
144286,137309.92
59665,75333.99
50000,68009.19
140708,181243.19
182676,108261.21
490929,416329.51
79058,126829.29
373758,336291.16
131132,131528.93
94660,125448.87
617572,624237.06
129478,129201.38
553937,590280.2
445392,393846.36
241102,222487.4
75046,128532.61
522587,391054.63
310273,326064.06
174548,134453.97
294381,423058.23
57760,114723.95
53894,66667.23
469702,681500.66
251223,271240.97
200145,204174.61
202385,134872.57
50000,80373.38
145868,138896.45
283830,215417.56
336019,302040.4
140134,119466.49
54641,95124.24
162552,112268.07
188614,106691.8
96120,71589.44
545799,511345.53
85174,92351.5
245046,215931.3
148705,114046.87
392972,480551.5
140901,124601.34
77218,61625.89
50000,52440.45
93357,75551.09
186146,234176.69
218646,335353.3
154984,101301.15
117807,135591.05
67398,70544.01
181265,173615.8
380452,411535.43
95712,98464.28
134695,175677.05
218660,213058.65
390656,483188.33
384672,384126.18
142276,81162.86
170123,130000.89
161311,169716.44
142775,133304.22
465108,420034.87
238400,141512.78
65730,62753.48
449730,401067.97
244088,275392.58
367679,273388.67
301245,370059.48
172591,123061.11
384104,395760.58
764013,633821.68
362458,344690.94
59935,82968.54
50000,66033.82
498312,375065.93
116243,103662.41
257718,213471.34
279027,408404.25
163536,143203.31
149194,194257.49
120297,94558.26
746327,767787.86
51630,87467.79
50000,64272.24
308963,342987.82
50000,56286.58
301684,345257.65
307887,265361.34
111639,72096.52
341655,328380.91
310686,369346.66
50000,65396.11
538284,466372.89
540728,452797.81
84923,70192.15
96299,97466.59
426770,448748.79
280323,299932.98
539684,538320.63
468767,390704.83
402524,566801.87
105457,136119.62
54227,102101.56
51115,73268.79
432391,398830.63
182958,242261.54
243792,230553.31
551404,471959.76
243751,262665.07
65742,116239.69
206232,247078.03
151968,147509.45
130015,180882.62
721039,614238.14
149025,128920.32
125151,135524.62
167282,113812.73
94950,90917.15
51175,72658.79
692167,712366.76
104914,161962.02
173096,228154.68
64115,77611.27
215765,309516.81
782318,673443.05
126374,115573.3
592041,581349.97
127865,139100.5
385523,373597.75
101380,79733.4
499486,387931.9
433887,416881.37
87452,114178.53
96712,106856.28
86310,73231.93
69595,70471.11
265054,261488.44
50000,81237.25
122459,124081.15
573897,570390.49
203707,173810.51
128901,107151.94
108132,99237.14
53391,54550.38
145540,136876.63
50000,107438.64
152522,113026.99
267568,173903.55
294242,326923.37
180210,176051.15
114498,211696.85
170255,237846.24
423622,467450.05
79759,94668.4
50000,85056.69
99761,146236.05
122195,118186.23
100047,97943.32
50000,67283.41
72930,69077.82
96857,194456.42
59514,84227.63
56679,93338.22
129082,136459.76
131737,145011.77
132988,117599.21
117358,138196.08
152677,134565.19
237105,159387.59
215385,258719.78
540058,440634.22
51027,62898.97
569974,579437.21
69663,93712.57
384483,417864.94
312455,262477.99
149085,180580.36
50000,88484.18
155904,115008.07
540301,540256.11
120175,93192.13
128261,114748.45
113551,128428.13
202813,169800.26
340042,367500.67
68926,85304.76
102986,106594.55
55049,199671.98
532693,531346.38
112534,115082.11
495897,462955.41
67614,84066.63
432728,466624.74
506035,514278.67
60910,62328.92
153921,162201.52
159029,187796.4
286021,302113.69
439648,479764.31
197898,179534.82
55706,92979.31
137697,154012.68
252599,273965.04
50000,96288.32
79931,130520.43
112338,133454.3
480462,395076.88
482128,436141.42
272976,232465.39
73626,76698.61
220960,203691.85
354374,261642.03
105108,84793.4
492884,460628.69
425772,362620.25
252978,203321.04
51053,72445.7
263133,239978.84
73111,82424.3
227788,300756.98
186695,188631.42
233539,191273.34
356454,220553.72
50000,84274.8
171915,126229.8
50000,67640.85
460943,364083.32
176211,135086.73
50000,81855.26
120000,122533.36
104583,123777.76
171166,167500.49
93059,93871.12
184103,160567.62
108654,134387.41
299340,442193.94
541897,415750.83
332819,363664.27
328613,309373.0
65212,62769.17
637193,586508.76
181521,169284.73
207628,223265.85
476456,424843.14
98995,130164.44
268260,317278.17
148497,146407.38
113256,116461.36
381100,401472.22
50000,55299.81
156947,134013.77
57385,121059.68
50000,73952.32
50000,59675.91
194087,284762.66
203012,197194.63
108936,69563.63
146793,86330.23
436256,253849.27
116074,92199.71
102478,83120.52
112083,119366.06
496037,522311.44
50000,80730.17
325239,277865.31
99094,151939.81
647085,543490.96
103080,123227.34
307946,336666.42
91806,85874.17
153992,181034.19
288272,196585.19
156976,127204.6
61225,76897.23
167812,206540.34
149170,206676.32
80453,90037.15
237554,243741.75
119339,85298.75
290307,248564.15
174480,175367.77
109222,77294.95
309362,305785.39
88699,88523.09
442046,377055.57
482406,483169.14
69473,148262.57
570739,564135.63
322686,288674.85
115630,124011.97
348337,441297.14
73578,76534.99
289674,288762.17
351127,318980.91
146117,107785.59
254027,218328.99
98333,170462.43
299309,427137.8
100029,127981.76
280823,350805.13
50000,90426.8
146650,132982.29
85295,128002.82
466292,446610.26
50000,60208.78
348831,329534.07
435262,428605.01
789036,702664.78
79171,92759.15
464223,488186.94
306839,350906.73
132792,85432.22
183258,154298.22
268957,190548.97
255263,264080.43
433591,379727.19
373394,292113.67
52215,88862.59
142509,122395.34
129472,132549.27
92285,69131.91
454972,460774.9
67330,114443.38
390087,345048.27
57156,54201.92
106107,99411.69
50000,65851.61
123025,161328.04
248308,270803.99
103472,89265.55
50000,103491.51
213477,202649.69
139938,157525.44
479597,427572.34
467827,556729.54
154262,138118.52
106655,106540.48
230441,216832.17
82105,113103.2
439451,519360.2
160008,99055.69
297279,337908.93
269891,348899.5
157922,112166.38
210432,142225.62
360997,451933.29
415387,458184.09
158071,170739.39
610210,578431.09
471101,497607.35
210905,238980.02
322125,484545.79
81255,58929.7
50000,61122.73
116284,102952.99
88726,110556.51
117605,98101.28
110444,61960.4
359961,286376.32
69817,67265.47
100066,94917.89
139150,93084.65
124571,150996.43
137491,196470.54
97070,80276.33
601606,619732.82
62232,93704.49
106409,105385.75
188998,164825.74
133269,141739.74
201812,171951.42
249741,278204.34
81490,120535.29
50000,68004.5
409559,293379.45
130667,105172.67
477322,365592.63
50000,121166.38
112801,131299.79
50000,63781.91
198957,113498.54
406244,423999.16
152278,125506.48
102440,66895.95
50000,60834.12
112193,95784.48
335826,291665.54
310299,343564.25
112683,117851.13
614492,567334.48
80592,60232.96
338202,374150.11
50000,85139.46
50000,85244.54
54886,89211.7
60049,77253.88
192216,204270.54
145683,117221.98
326547,257150.96
431188,367077.37
412269,418986.74
154316,104420.11
286853,304604.16
242130,304422.72
59059,103731.86
104477,144986.07
232451,178417.99
534528,572955.95
94338,90586.55
158990,146911.35
146921,123610.72
698061,654174.16
137728,138437.13
179788,145231.32
344402,344523.97
150831,149527.21
133589,137604.37
432949,381784.47
71923,79705.54
196609,172477.53
68184,70839.51
512083,684589.98
282669,194766.34
245640,323277.63
467611,413435.36
145975,90437.59
386515,399144.53
158232,105242.32
50000,76583.53
116486,104222.63
50000,55673.37
50000,97892.84
226244,231645.99
335019,322412.07
82595,98593.57
568324,618489.3
506148,515342.65
50000,69001.0
165828,140173.78
197438,186458.82
103541,98452.16
533106,436819.53
50000,65757.47
546511,504971.41
111422,101957.85
105365,116887.68
132932,127216.55
107748,125300.62
408632,277446.74
312449,259612.82
373449,405004.38
83543,80405.14
50000,81096.51
82540,66195.38
54797,73944.24
668731,583138.37
313081,269715.67
82707,61282.79
160792,201225.24
206773,241671.53
115232,149842.3
108648,77001.68
516132,434064.23
50000,77238.9
95470,132698.07
86576,100860.34
93459,73812.53
162186,124970.94
79784,122035.04
466685,499994.27
429051,361666.76
262532,289958.7
447081,418199.1
435359,455592.67
144659,124224.2
293084,275283.11
311829,190436.95
71207,94910.15
214908,130832.42
256153,334169.96
343043,275168.59
141503,177713.06
156141,162769.08
64475,167305.57
177656,201473.48
255126,156171.25
597566,544951.13
87240,117768.77
66236,76521.27
105268,149032.14
72741,81850.15
503877,455665.35
110835,131971.67
485601,503195.72
169646,216140.68
279992,296155.47
492875,391030.4
397830,315214.96
109196,133238.7
495295,541863.57
325336,278694.75
339250,348973.26
594616,596718.95
90314,134965.22
134362,116623.45
113742,120809.68
90298,82034.65
50000,85583.68
115081,129795.93
118207,108176.75
75228,122939.83
591995,563351.78
178685,153576.38
206473,167566.62
155426,114571.22
358087,406314.54
136372,113389.83
244561,237411.98
118994,68160.29
86073,145895.43
